index:1,picture:Picture/angelababy_1.jpg
index:1,picture:Picture/angelababy_2.jpg
index:1,picture:Picture/angelababy_3.jpg
index:1,picture:Picture/angelababy_4.jpg
index:1,picture:Picture/angelababy_5.jpg
index:1,picture:Picture/angelababy_6.jpg
index:1,picture:Picture/angelababy_7.jpg
index:1,picture:Picture/angelababy_8.jpg
index:1,picture:Picture/angelababy_9.jpg
index:1,picture:Picture/angelababy_10.jpg
index:1,picture:Picture/angelababy_11.jpg
index:1,picture:Picture/angelababy_12.jpg
index:1,picture:Picture/angelababy_13.jpg
index:1,picture:Picture/angelababy_14.jpg
index:1,picture:Picture/angelababy_15.jpg
index:1,picture:Picture/angelababy_16.jpg
index:1,picture:Picture/angelababy_17.jpg
index:1,picture:Picture/angelababy_18.jpg
index:1,picture:Picture/angelababy_19.jpg
index:1,picture:Picture/angelababy_20.jpg
index:1,picture:Picture/angelababy_21.jpg
index:1,picture:Picture/angelababy_22.jpg
index:1,picture:Picture/angelababy_23.jpg
index:1,picture:Picture/angelababy_24.jpg
index:1,picture:Picture/angelababy_25.jpg
index:1,picture:Picture/angelababy_26.jpg
index:1,picture:Picture/angelababy_27.jpg
index:1,picture:Picture/angelababy_28.jpg
index:1,picture:Picture/angelababy_29.jpg
index:1,picture:Picture/angelababy_30.jpg
index:1,picture:Picture/angelababy_31.jpg
index:1,picture:Picture/angelababy_32.jpg
index:1,picture:Picture/angelababy_33.jpg
index:1,picture:Picture/angelababy_34.jpg
index:1,picture:Picture/angelababy_35.jpg



index:2,picture:Picture/dilireba_1.jpg
index:2,picture:Picture/dilireba_2.jpg
index:2,picture:Picture/dilireba_3.jpg
index:2,picture:Picture/dilireba_4.jpg
index:2,picture:Picture/dilireba_5.jpg
index:2,picture:Picture/dilireba_6.jpg
index:2,picture:Picture/dilireba_7.jpg
index:2,picture:Picture/dilireba_8.jpg
index:2,picture:Picture/dilireba_9.jpg
index:2,picture:Picture/dilireba_10.jpg
index:2,picture:Picture/dilireba_11.jpg
index:2,picture:Picture/dilireba_12.jpg
index:2,picture:Picture/dilireba_13.jpg
index:2,picture:Picture/dilireba_14.jpg
index:2,picture:Picture/dilireba_15.jpg
index:2,picture:Picture/dilireba_16.jpg
index:2,picture:Picture/dilireba_17.jpg
index:2,picture:Picture/dilireba_18.jpg
index:2,picture:Picture/dilireba_19.jpg
index:2,picture:Picture/dilireba_20.jpg
index:2,picture:Picture/dilireba_21.jpg
index:2,picture:Picture/dilireba_22.jpg
index:2,picture:Picture/dilireba_23.jpg
index:2,picture:Picture/dilireba_24.jpg
index:2,picture:Picture/dilireba_25.jpg
index:2,picture:Picture/dilireba_26.jpg
index:2,picture:Picture/dilireba_27.jpg
index:2,picture:Picture/dilireba_28.jpg
index:2,picture:Picture/dilireba_29.jpg
index:2,picture:Picture/dilireba_30.jpg
index:2,picture:Picture/dilireba_31.jpg
index:2,picture:Picture/dilireba_32.jpg
index:2,picture:Picture/dilireba_33.jpg
index:2,picture:Picture/dilireba_34.jpg
index:2,picture:Picture/dilireba_35.jpg
index:2,picture:Picture/dilireba_36.jpg
index:2,picture:Picture/dilireba_37.jpg
index:2,picture:Picture/dilireba_38.jpg
index:2,picture:Picture/dilireba_39.jpg
index:2,picture:Picture/dilireba_40.jpg
index:2,picture:Picture/dilireba_41.jpg
index:2,picture:Picture/dilireba_42.jpg
